valid/O/precision,0.3988817511301451,1
valid/O/precision,1.0,1
valid/O/precision,1.0,2
valid/O/precision,0.5537711158696169,3
valid/O/precision,0.3975731620271235,4
valid/O/precision,0.7464906019509874,5
valid/O/precision,0.5737568403521295,1
valid/O/precision,0.6218177492267428,1
valid/O/precision,0.0,2
valid/O/precision,0.9724006661908161,3
valid/O/precision,0.9852486319295741,4
valid/O/precision,0.9589578872234118,5
valid/O/precision,0.6488222698072805,1
valid/O/precision,0.9752557696883178,1
valid/O/precision,0.9771591720199857,2
valid/O/precision,0.9419462288841304,3
valid/O/precision,0.9635974304068522,4
valid/O/precision,0.9569355222460147,5
valid/O/precision,0.7570782774208898,1
valid/O/precision,0.801094456340709,1
valid/O/precision,0.9583630739947656,2
valid/O/precision,0.9381394242207947,3
valid/O/precision,0.9124434927432786,4
valid/O/precision,0.9615750654294551,5
valid/O/precision,0.8313109683559362,1
valid/O/precision,0.990126100404473,1
valid/O/precision,0.9503925767309065,2
valid/O/precision,0.993100166547704,3
valid/O/precision,0.9616940280751843,4
valid/O/precision,0.9852486319295741,5
valid/O/precision,0.8777064001903402,1
valid/O/precision,0.9776350226029027,1
valid/O/precision,0.9828693790149893,2
valid/O/precision,0.9721627408993576,3
valid/O/precision,0.9782298358315489,4
valid/O/precision,0.9739471805852962,5
valid/O/precision,0.9066143231025457,1
valid/O/precision,0.9720437782536283,1
valid/O/precision,0.9952414941708304,2
valid/O/precision,0.9700214132762313,3
valid/O/precision,0.9804901261004044,4
valid/O/precision,0.9765643587913395,5
valid/O/precision,0.9295741137282894,1
valid/O/precision,0.9691886747561266,1
valid/O/precision,0.9835831548893648,2
valid/O/precision,0.9809659766833214,3
valid/O/precision,0.9783487984772782,4
valid/O/precision,0.9833452295979063,5
valid/O/precision,0.9354032833690221,1
valid/O/precision,0.9521770164168452,1
valid/O/precision,0.9816797525576969,2
valid/O/precision,0.9603854389721628,3
valid/O/precision,0.9594337378063288,4
valid/O/precision,0.9556269331429931,5
valid/O/recall,0.9376398210290827,1
valid/O/recall,0.8690168510286365,1
valid/O/recall,0.8690168510286365,2
valid/O/recall,0.8617178822658275,3
valid/O/recall,0.8593468758035485,4
valid/O/recall,0.8723759210343389,5
valid/O/recall,0.9388748296671209,1
valid/O/recall,0.9751865671641791,1
valid/O/recall,0,2
valid/O/recall,0.9280199818346957,3
valid/O/recall,0.9257768835233624,4
valid/O/recall,0.9473498648489834,5
valid/O/recall,0.9470394165653759,1
valid/O/recall,0.9370213738712996,1
valid/O/recall,0.932985006815084,2
valid/O/recall,0.9630260277304792,3
valid/O/recall,0.9495896834701055,4
valid/O/recall,0.9552309701935637,5
valid/O/recall,0.948011321316848,1
valid/O/recall,0.9872452719542589,1
valid/O/recall,0.9558614143331752,2
valid/O/recall,0.9749041908764989,3
valid/O/recall,0.9800664451827242,4
valid/O/recall,0.9572477498815727,5
valid/O/recall,0.9477824494778245,1
valid/O/recall,0.9236488735989347,1
valid/O/recall,0.9709528439474964,2
valid/O/recall,0.9191807971812376,3
valid/O/recall,0.9667543649844534,4
valid/O/recall,0.9397480993986157,5
valid/O/recall,0.9449282786885246,1
valid/O/recall,0.9457935320520198,1
valid/O/recall,0.9518433179723502,2
valid/O/recall,0.9571328179901616,3
valid/O/recall,0.94713199723566,4
valid/O/recall,0.9574318793123612,5
valid/O/recall,0.9437770897832818,1
valid/O/recall,0.9624263839811543,1
valid/O/recall,0.9189367311072056,2
valid/O/recall,0.965999289183746,3
valid/O/recall,0.9551512342102213,4
valid/O/recall,0.9589953271028038,5
valid/O/recall,0.9418997107039537,1
valid/O/recall,0.9662001897533207,1
valid/O/recall,0.9446983546617916,2
valid/O/recall,0.9539565016196205,3
valid/O/recall,0.9624341720304271,4
valid/O/recall,0.9574887061276497,5
valid/O/recall,0.9416766467065868,1
valid/O/recall,0.9774087190133105,1
valid/O/recall,0.9603165367159315,2
valid/O/recall,0.9665948275862069,3
valid/O/recall,0.9725069335584228,4
valid/O/recall,0.9766565349544073,5
valid/O/f1,0.5596728425972292,1
valid/O/f1,0.9299186901930416,1
valid/O/f1,0.9299186901930416,2
valid/O/f1,0.6742468134414832,3
valid/O/f1,0.5436356242374949,4
valid/O/f1,0.8045387524841336,5
valid/O/f1,0.7122498707819539,1
valid/O/f1,0.7594072352172018,1
valid/O/f1,0,2
valid/O/f1,0.9496921110723829,3
valid/O/f1,0.954587367450438,4
valid/O/f1,0.9531185338456991,5
valid/O/f1,0.770067066713731,1
valid/O/f1,0.955756339259691,1
valid/O/f1,0.9545613015688552,2
valid/O/f1,0.9523694972335819,3
valid/O/f1,0.956542276806802,4
valid/O/f1,0.9560824864800618,5
valid/O/f1,0.8418546200145512,1
valid/O/f1,0.8844815131017271,1
valid/O/f1,0.9571106094808127,2
valid/O/f1,0.9561685359199757,3
valid/O/f1,0.9450468210941351,4
valid/O/f1,0.959406528189911,5
valid/O/f1,0.8857342036884466,1
valid/O/f1,0.9557329046334041,1
valid/O/f1,0.9605627028976795,2
valid/O/f1,0.9547118023787741,3
valid/O/f1,0.9642175572519085,4
valid/O/f1,0.9619606248911087,5
valid/O/f1,0.9100777106204515,1
valid/O/f1,0.9614507165837964,1
valid/O/f1,0.9671075734519489,2
valid/O/f1,0.9645892351274786,3
valid/O/f1,0.9624297752808989,4
valid/O/f1,0.965618918440762,5
valid/O/f1,0.9248225229051635,1
valid/O/f1,0.9672111742424243,1
valid/O/f1,0.9555682467161623,2
valid/O/f1,0.968006173205912,3
valid/O/f1,0.9676548282946874,4
valid/O/f1,0.967700106094542,5
valid/O/f1,0.9356963237935577,1
valid/O/f1,0.967692124955458,1
valid/O/f1,0.9637486886583518,2
valid/O/f1,0.9672727272727273,3
valid/O/f1,0.9703262344404461,4
valid/O/f1,0.9702447326721052,5
valid/O/f1,0.9385294819766054,1
valid/O/f1,0.9646278999698703,1
valid/O/f1,0.9708806400376493,2
valid/O/f1,0.9634801288936627,3
valid/O/f1,0.9659261033594826,4
valid/O/f1,0.9660272984186159,5
valid/ADR/precision,0.13022888713496447,1
valid/ADR/precision,0.0,1
valid/ADR/precision,0.0,2
valid/ADR/precision,0.0,3
valid/ADR/precision,0.0,4
valid/ADR/precision,0.0,5
valid/ADR/precision,0.2967640094711918,1
valid/ADR/precision,0.8950276243093923,1
valid/ADR/precision,1.0,2
valid/ADR/precision,0.4996053670086819,3
valid/ADR/precision,0.47592738752959746,4
valid/ADR/precision,0.6464088397790055,5
valid/ADR/precision,0.39463299131807417,1
valid/ADR/precision,0.5651144435674822,1
valid/ADR/precision,0.5343330702446725,2
valid/ADR/precision,0.7600631412786109,3
valid/ADR/precision,0.6606156274664562,4
valid/ADR/precision,0.7024467245461721,5
valid/ADR/precision,0.4262036306235201,1
valid/ADR/precision,0.9313338595106551,1
valid/ADR/precision,0.7063930544593529,2
valid/ADR/precision,0.8397790055248618,3
valid/ADR/precision,0.8768745067087609,4
valid/ADR/precision,0.7150749802683505,5
valid/ADR/precision,0.48224151539068666,1
valid/ADR/precision,0.4569850039463299,1
valid/ADR/precision,0.8113654301499605,2
valid/ADR/precision,0.4206787687450671,3
valid/ADR/precision,0.7805840568271507,4
valid/ADR/precision,0.5808997632202052,5
valid/ADR/precision,0.4980268350434096,1
valid/ADR/precision,0.6282557221783741,1
valid/ADR/precision,0.67008681925809,2
valid/ADR/precision,0.7111286503551697,3
valid/ADR/precision,0.6377269139700079,4
valid/ADR/precision,0.712707182320442,5
valid/ADR/precision,0.5217048145224941,1
valid/ADR/precision,0.7482241515390686,1
valid/ADR/precision,0.4175217048145225,2
valid/ADR/precision,0.7734806629834254,3
valid/ADR/precision,0.6945540647198106,4
valid/ADR/precision,0.7229676400947119,5
valid/ADR/precision,0.5288082083662194,1
valid/ADR/precision,0.7750591949486977,1
valid/ADR/precision,0.6179952644041041,2
valid/ADR/precision,0.6858721389108129,3
valid/ADR/precision,0.7466456195737964,4
valid/ADR/precision,0.7103393843725335,5
valid/ADR/precision,0.531965272296764,1
valid/ADR/precision,0.8539857932123125,1
valid/ADR/precision,0.7308602999210734,2
valid/ADR/precision,0.7797947908445146,3
valid/ADR/precision,0.8200473559589582,4
valid/ADR/precision,0.8484609313338595,5
valid/ADR/recall,0.17295597484276728,1
valid/ADR/recall,0,1
valid/ADR/recall,0,2
valid/ADR/recall,0,3
valid/ADR/recall,0,4
valid/ADR/recall,0,5
valid/ADR/recall,0.3336291038154392,1
valid/ADR/recall,0.2629260375608625,1
valid/ADR/recall,0.1309831489713636,2
valid/ADR/recall,0.7317919075144509,3
valid/ADR/recall,0.8294360385144429,4
valid/ADR/recall,0.7036082474226805,5
valid/ADR/recall,0.43478260869565216,1
valid/ADR/recall,0.7748917748917749,1
valid/ADR/recall,0.7790563866513234,2
valid/ADR/recall,0.6636802205375603,3
valid/ADR/recall,0.7322834645669292,4
valid/ADR/recall,0.7108626198083067,5
valid/ADR/recall,0.5133079847908745,1
valid/ADR/recall,0.41374474053295934,1
valid/ADR/recall,0.7188755020080321,2
valid/ADR/recall,0.6717171717171717,3
valid/ADR/recall,0.6015159718462372,4
valid/ADR/recall,0.7371847030105777,5
valid/ADR/recall,0.6266666666666667,1
valid/ADR/recall,0.8746223564954683,1
valid/ADR/recall,0.7114186851211073,2
valid/ADR/recall,0.9018612521150592,3
valid/ADR/recall,0.7543859649122807,4
valid/ADR/recall,0.8558139534883721,5
valid/ADR/recall,0.6873638344226579,1
valid/ADR/recall,0.8089430894308943,1
valid/ADR/recall,0.8549848942598187,2
valid/ADR/recall,0.7938325991189428,3
valid/ADR/recall,0.8153380423814329,4
valid/ADR/recall,0.8048128342245989,5
valid/ADR/recall,0.7435320584926884,1
valid/ADR/recall,0.801352493660186,1
valid/ADR/recall,0.929701230228471,2
valid/ADR/recall,0.7954545454545454,3
valid/ADR/recall,0.842911877394636,4
valid/ADR/recall,0.8230008984725966,5
valid/ADR/recall,0.7808857808857809,1
valid/ADR/recall,0.7912973408541499,1
valid/ADR/recall,0.8501628664495114,2
valid/ADR/recall,0.8445092322643343,3
valid/ADR/recall,0.8386524822695035,4
valid/ADR/recall,0.8653846153846154,5
valid/ADR/recall,0.7883040935672515,1
valid/ADR/recall,0.72911051212938,1
valid/ADR/recall,0.8574074074074074,2
valid/ADR/recall,0.7479182437547313,3
valid/ADR/recall,0.7528985507246376,4
valid/ADR/recall,0.7424033149171271,5
valid/ADR/f1,0.14858171994597028,1
valid/ADR/f1,0,1
valid/ADR/f1,0,2
valid/ADR/f1,0,3
valid/ADR/f1,0,4
valid/ADR/f1,0,5
valid/ADR/f1,0.31411862990810363,1
valid/ADR/f1,0.40645161290322585,1
valid/ADR/f1,0.23162705667276054,2
valid/ADR/f1,0.5938086303939963,3
valid/ADR/f1,0.60481444332999,4
valid/ADR/f1,0.6737967914438503,5
valid/ADR/f1,0.4137360364087712,1
valid/ADR/f1,0.6535828388863532,1
valid/ADR/f1,0.6338951310861424,2
valid/ADR/f1,0.7086092715231787,3
valid/ADR/f1,0.6946058091286308,4
valid/ADR/f1,0.7066296149265582,5
valid/ADR/f1,0.4657179818887452,1
valid/ADR/f1,0.5729546006312212,1
valid/ADR/f1,0.7125796178343948,2
valid/ADR/f1,0.7464047702560505,3
valid/ADR/f1,0.7135517019910084,4
valid/ADR/f1,0.7259615384615384,5
valid/ADR/f1,0.5450490633363069,1
valid/ADR/f1,0.6003110419906686,1
valid/ADR/f1,0.7581120943952802,2
valid/ADR/f1,0.573735199138859,3
valid/ADR/f1,0.7672614429790534,4
valid/ADR/f1,0.692054536906441,5
valid/ADR/f1,0.5775743707093822,1
valid/ADR/f1,0.7072412261217237,1
valid/ADR/f1,0.7513274336283186,2
valid/ADR/f1,0.7502081598667777,3
valid/ADR/f1,0.7156775907883083,4
valid/ADR/f1,0.7559648388447049,5
valid/ADR/f1,0.6131725417439702,1
valid/ADR/f1,0.7738775510204082,1
valid/ADR/f1,0.5762527233115469,2
valid/ADR/f1,0.7843137254901961,3
valid/ADR/f1,0.7615750757247945,4
valid/ADR/f1,0.7697478991596638,5
valid/ADR/f1,0.6305882352941177,1
valid/ADR/f1,0.7830940988835725,1
valid/ADR/f1,0.7157221206581352,2
valid/ADR/f1,0.7569686411149825,3
valid/ADR/f1,0.7899791231732777,4
valid/ADR/f1,0.7802340702210663,5
valid/ADR/f1,0.6352497643732328,1
valid/ADR/f1,0.7866230461650308,1
valid/ADR/f1,0.7890924584576055,2
valid/ADR/f1,0.7635239567233384,3
valid/ADR/f1,0.7850396675481678,4
valid/ADR/f1,0.7918968692449355,5
train/O/precision,0.9743589743589743,1
train/O/precision,1.0,1
train/O/precision,1.0,2
train/O/precision,0.38928,3
train/O/precision,0.28464,4
train/O/precision,0.54768,5
train/O/precision,0.9751861042183623,1
train/O/precision,0.5165891007356253,1
train/O/precision,0.0,2
train/O/precision,0.9391983185707852,3
train/O/precision,0.9599159285392583,4
train/O/precision,0.9145773907821648,5
train/O/precision,0.9788182831661093,1
train/O/precision,0.9603946032206586,1
train/O/precision,0.9601044537937038,2
train/O/precision,0.9035253155375018,3
train/O/precision,0.934861453648629,4
train/O/precision,0.927607717974757,5
train/O/precision,0.9786416061512174,1
train/O/precision,0.8003819036427732,1
train/O/precision,0.9435957696827262,2
train/O/precision,0.9306698002350177,3
train/O/precision,0.9102526439482961,4
train/O/precision,0.9576968272620446,5
train/O/precision,0.9790667945030361,1
train/O/precision,0.9921074494599834,1
train/O/precision,0.9566602049293824,2
train/O/precision,0.9968152866242038,3
train/O/precision,0.9702298532262531,4
train/O/precision,0.9940459706452506,5
train/O/precision,0.9858565449559821,1
train/O/precision,0.9911964208399481,1
train/O/precision,0.9935055563573387,2
train/O/precision,0.9849906191369606,3
train/O/precision,0.9956703709048925,4
train/O/precision,0.9897532111415789,5
train/O/precision,0.9858565449559821,1
train/O/precision,0.9847019771972868,1
train/O/precision,0.9988454322413046,2
train/O/precision,0.9841246933179391,3
train/O/precision,0.9929282724779911,4
train/O/precision,0.9926396305383172,5
train/O/precision,0.9861451868956559,1
train/O/precision,0.9793621013133208,1
train/O/precision,0.9963919757540771,2
train/O/precision,0.994804445085871,3
train/O/precision,0.9933612353875018,4
train/O/precision,0.9933612353875018,5
train/O/precision,0.9845576562274498,1
train/O/precision,0.9784961754942993,1
train/O/precision,0.9956703709048925,2
train/O/precision,0.9793621013133208,3
train/O/precision,0.979217780343484,4
train/O/precision,0.9797950642228316,5
train/O/recall,1.0,1
train/O/recall,0.7203780544029507,1
train/O/recall,0.7203780544029507,2
train/O/recall,0.7157987643424537,3
train/O/recall,0.713884430176565,4
train/O/recall,0.7253655435473617,5
train/O/recall,0.9268867924528302,1
train/O/recall,0.8134751773049645,1
train/O/recall,0,2
train/O/recall,0.7943118334179786,3
train/O/recall,0.7989503936023991,4
train/O/recall,0.8078504177164832,5
train/O/recall,0.9320594479830149,1
train/O/recall,0.8486091526727343,1
train/O/recall,0.8433796355295017,2
train/O/recall,0.8624844204403822,3
train/O/recall,0.8564593301435407,4
train/O/recall,0.8596396880881958,5
train/O/recall,0.9431864965006176,1
train/O/recall,0.9478170116542007,1
train/O/recall,0.9152300897563755,2
train/O/recall,0.9339622641509434,3
train/O/recall,0.938939393939394,4
train/O/recall,0.9242982704848313,5
train/O/recall,0.9464009885696633,1
train/O/recall,0.9147197753095876,1
train/O/recall,0.9791666666666666,2
train/O/recall,0.9174206703198675,3
train/O/recall,0.9782214156079855,4
train/O/recall,0.9509868856802225,5
train/O/recall,0.942076954902772,1
train/O/recall,0.9748757984386089,1
train/O/recall,0.9731410800113091,2
train/O/recall,0.9765345542996137,3
train/O/recall,0.9719639335023951,4
train/O/recall,0.9952111449717023,5
train/O/recall,0.9400027521673318,1
train/O/recall,0.9925807390165843,1
train/O/recall,0.9207130504190502,2
train/O/recall,0.9872593021572318,3
train/O/recall,0.979498861047836,4
train/O/recall,0.9892132892276715,5
train/O/recall,0.9376972691093729,1
train/O/recall,0.990946261682243,1
train/O/recall,0.9543820846004977,2
train/O/recall,0.9741379310344828,3
train/O/recall,0.9866685779816514,4
train/O/recall,0.9698464139777371,5
train/O/recall,0.9361877315767806,1
train/O/recall,0.9955947136563876,1
train/O/recall,0.9866990846681922,2
train/O/recall,0.9947229551451188,3
train/O/recall,0.9977941176470588,4
train/O/recall,0.997355663287792,5
train/O/f1,0.9870129870129869,1
train/O/f1,0.8374648264772879,1
train/O/f1,0.8374648264772879,2
train/O/f1,0.5043009638304488,3
train/O/f1,0.40700068634179826,4
train/O/f1,0.624122527121889,5
train/O/f1,0.950423216444982,1
train/O/f1,0.6318978973464329,1
train/O/f1,0,2
train/O/f1,0.8607002820389352,3
train/O/f1,0.8720676486633934,4
train/O/f1,0.8579073369947894,5
train/O/f1,0.9548667754214247,1
train/O/f1,0.9010480468218321,1
train/O/f1,0.897964721845319,2
train/O/f1,0.8825279863964858,3
train/O/f1,0.8939446486786433,4
train/O/f1,0.8923313097480986,5
train/O/f1,0.960587002096436,1
train/O/f1,0.8678824560006371,1
train/O/f1,0.9291964996022275,2
train/O/f1,0.9323131253678635,3
train/O/f1,0.924373508353222,4
train/O/f1,0.9407011975183956,5
train/O/f1,0.9624568017593464,1
train/O/f1,0.9518432414480239,1
train/O/f1,0.9677826026054068,2
train/O/f1,0.955471497776893,3
train/O/f1,0.9742092457420924,4
train/O/f1,0.9720398077313654,5
train/O/f1,0.9634696755994359,1
train/O/f1,0.9829683698296836,1
train/O/f1,0.9832178818824537,2
train/O/f1,0.9807443598218134,3
train/O/f1,0.9836743423397732,4
train/O/f1,0.9924746743849494,5
train/O/f1,0.9623837700760777,1
train/O/f1,0.9886256610881693,1
train/O/f1,0.9581891180949744,2
train/O/f1,0.9856895056374675,3
train/O/f1,0.9861678492080557,4
train/O/f1,0.9909234980550353,5
train/O/f1,0.9613111986494091,1
train/O/f1,0.985120127749147,1
train/O/f1,0.9749346889783239,2
train/O/f1,0.9843627275972867,3
train/O/f1,0.9900035958288385,4
train/O/f1,0.9814629972907458,5
train/O/f1,0.9597636465953855,1
train/O/f1,0.9869713952980567,1
train/O/f1,0.9911644278428273,2
train/O/f1,0.9869827648898262,3
train/O/f1,0.9884186757957608,4
train/O/f1,0.9884973791496796,5
train/ADR/precision,1.0,1
train/ADR/precision,0.0,1
train/ADR/precision,0.0,2
train/ADR/precision,0.0,3
train/ADR/precision,0.0,4
train/ADR/precision,0.0,5
train/ADR/precision,0.7256637168141593,1
train/ADR/precision,0.7067307692307693,1
train/ADR/precision,1.0,2
train/ADR/precision,0.32532051282051283,3
train/ADR/precision,0.3317307692307692,4
train/ADR/precision,0.4182692307692308,5
train/ADR/precision,0.7366255144032922,1
train/ADR/precision,0.47509578544061304,1
train/ADR/precision,0.45134099616858236,2
train/ADR/precision,0.6007662835249042,3
train/ADR/precision,0.550191570881226,4
train/ADR/precision,0.571647509578544,5
train/ADR/precision,0.716297786720322,1
train/ADR/precision,0.8552859618717504,1
train/ADR/precision,0.6629116117850953,2
train/ADR/precision,0.7686308492201039,3
train/ADR/precision,0.804159445407279,4
train/ADR/precision,0.7105719237435009,5
train/ADR/precision,0.6968641114982579,1
train/ADR/precision,0.4819277108433735,1
train/ADR/precision,0.8979919678714859,2
train/ADR/precision,0.4979919678714859,3
train/ADR/precision,0.8907630522088353,4
train/ADR/precision,0.7196787148594378,5
train/ADR/precision,0.6582587469487388,1
train/ADR/precision,0.8559804719283971,1
train/ADR/precision,0.8454027664768105,2
train/ADR/precision,0.8665581773799838,3
train/ADR/precision,0.8380797396257119,4
train/ADR/precision,0.9731489015459723,5
train/ADR/precision,0.645240032546786,1
train/ADR/precision,0.9585028478437754,1
train/ADR/precision,0.515052888527258,2
train/ADR/precision,0.9283970707892596,3
train/ADR/precision,0.8828315703824248,4
train/ADR/precision,0.9389747762408462,5
train/ADR/precision,0.6305939788445891,1
train/ADR/precision,0.9495524816924329,1
train/ADR/precision,0.7314890154597233,2
train/ADR/precision,0.8510984540276648,3
train/ADR/precision,0.9243287225386493,4
train/ADR/precision,0.8258746948738812,5
train/ADR/precision,0.6216436126932465,1
train/ADR/precision,0.9755899104963385,1
train/ADR/precision,0.9243287225386493,2
train/ADR/precision,0.9707078925956062,3
train/ADR/precision,0.9877949552481693,4
train/ADR/precision,0.985353946297803,5
train/ADR/recall,1.0,1
train/ADR/recall,0,1
train/ADR/recall,0,2
train/ADR/recall,0,3
train/ADR/recall,0,4
train/ADR/recall,0,5
train/ADR/recall,0.9213483146067416,1
train/ADR/recall,0.19194776931447224,1
train/ADR/recall,0.14141643059490086,2
train/ADR/recall,0.42781875658587987,3
train/ADR/recall,0.5036496350364964,4
train/ADR/recall,0.40654205607476634,5
train/ADR/recall,0.9179487179487179,1
train/ADR/recall,0.6281661600810537,1
train/ADR/recall,0.6259298618490967,2
train/ADR/recall,0.5003190810465858,3
train/ADR/recall,0.5680379746835443,4
train/ADR/recall,0.5525925925925926,5
train/ADR/recall,0.8944723618090452,1
train/ADR/recall,0.39798387096774196,1
train/ADR/recall,0.6322314049586777,2
train/ADR/recall,0.613840830449827,3
train/ADR/recall,0.5696746470227133,4
train/ADR/recall,0.6978723404255319,5
train/ADR/recall,0.8714596949891068,1
train/ADR/recall,0.9077155824508321,1
train/ADR/recall,0.7774687065368567,2
train/ADR/recall,0.9582689335394127,3
train/ADR/recall,0.8332081141998497,4
train/ADR/recall,0.9481481481481482,5
train/ADR/recall,0.8919514884233738,1
train/ADR/recall,0.945193171608266,1
train/ADR/recall,0.9584870848708487,2
train/ADR/recall,0.9110350727117195,3
train/ADR/recall,0.9716981132075472,4
train/ADR/recall,0.9439621152328335,5
train/ADR/recall,0.8900112233445566,1
train/ADR/recall,0.9174454828660437,1
train/ADR/recall,0.9875195007800313,2
train/ADR/recall,0.9120703437250199,3
train/ADR/recall,0.9567901234567902,4
train/ADR/recall,0.9576763485477179,5
train/ADR/recall,0.8897818599311137,1
train/ADR/recall,0.8908396946564886,1
train/ADR/recall,0.9729437229437229,2
train/ADR/recall,0.966728280961183,3
train/ADR/recall,0.961082910321489,4
train/ADR/recall,0.9566446748350612,5
train/ADR/recall,0.8771526980482205,1
train/ADR/recall,0.8894658753709199,1
train/ADR/recall,0.9742710120068611,2
train/ADR/recall,0.8929640718562875,3
train/ADR/recall,0.8939617083946981,4
train/ADR/recall,0.8963730569948186,5
train/ADR/f1,1.0,1
train/ADR/f1,0,1
train/ADR/f1,0,2
train/ADR/f1,0,3
train/ADR/f1,0,4
train/ADR/f1,0,5
train/ADR/f1,0.8118811881188118,1
train/ADR/f1,0.3018997090535684,1
train/ADR/f1,0.24779112478904003,2
train/ADR/f1,0.3695949021392808,3
train/ADR/f1,0.39999999999999997,4
train/ADR/f1,0.41232227488151657,5
train/ADR/f1,0.817351598173516,1
train/ADR/f1,0.5410122164048866,1
train/ADR/f1,0.5244879786286732,2
train/ADR/f1,0.5459610027855153,3
train/ADR/f1,0.5589723627870767,4
train/ADR/f1,0.5619585687382297,5
train/ADR/f1,0.7955307262569833,1
train/ADR/f1,0.5432030820033021,1
train/ADR/f1,0.6472081218274112,2
train/ADR/f1,0.6825702193151213,3
train/ADR/f1,0.6669062163133309,4
train/ADR/f1,0.7041648776298841,5
train/ADR/f1,0.7744433688286544,1
train/ADR/f1,0.6295907660020986,1
train/ADR/f1,0.8333954528512859,2
train/ADR/f1,0.6553911205073996,3
train/ADR/f1,0.8610248447204968,4
train/ADR/f1,0.8182648401826484,5
train/ADR/f1,0.7574906367041199,1
train/ADR/f1,0.8983774551665245,1
train/ADR/f1,0.898400345871163,2
train/ADR/f1,0.8882402001668057,3
train/ADR/f1,0.8999563128003495,4
train/ADR/f1,0.9583333333333334,5
train/ADR/f1,0.7481132075471699,1
train/ADR/f1,0.937524870672503,1
train/ADR/f1,0.6770053475935829,2
train/ADR/f1,0.9201612903225805,3
train/ADR/f1,0.9183241641980533,4
train/ADR/f1,0.9482333607230895,5
train/ADR/f1,0.7380952380952381,1
train/ADR/f1,0.9192595510043324,1
train/ADR/f1,0.8351137947050628,2
train/ADR/f1,0.905235828645608,3
train/ADR/f1,0.9423475736209042,4
train/ADR/f1,0.8864628820960699,5
train/ADR/f1,0.7276190476190477,1
train/ADR/f1,0.9305393868839736,1
train/ADR/f1,0.948643006263048,2
train/ADR/f1,0.9302144249512672,3
train/ADR/f1,0.9385388480865868,4
train/ADR/f1,0.9387596899224806,5
train loss_avg,0.0,1
train loss_avg,2021.8197341792818,1
train loss_avg,2019.7554721283227,2
train loss_avg,2017.6508962206844,3
train loss_avg,2015.5963429546005,4
train loss_avg,2013.509680250239,5
train loss_avg,0.0,1
train loss_avg,1328.223071557151,1
train loss_avg,1326.5248700589912,2
train loss_avg,1325.9261501396452,3
train loss_avg,1323.5090901075216,4
train loss_avg,1322.2409845708482,5
train loss_avg,0.0,1
train loss_avg,1011.5364247674383,1
train loss_avg,1010.2872709155386,2
train loss_avg,1009.1574784052198,3
train loss_avg,1008.0915753908359,4
train loss_avg,1007.067265969087,5
train loss_avg,0.0,1
train loss_avg,676.6203965979182,1
train loss_avg,676.0966507787828,2
train loss_avg,675.0815018009445,3
train loss_avg,674.2935824623247,4
train loss_avg,673.5935329422344,5
train loss_avg,0.0,1
train loss_avg,394.5798247107149,1
train loss_avg,393.514195284194,2
train loss_avg,392.50240008225285,3
train loss_avg,392.1162623067204,4
train loss_avg,391.47159168829154,5
train loss_avg,0.0,1
train loss_avg,248.8409006748905,1
train loss_avg,248.22888920082008,2
train loss_avg,247.8558171333145,3
train loss_avg,247.45638554556356,4
train loss_avg,246.9114959868874,5
train loss_avg,0.0,1
train loss_avg,128.04978759274448,1
train loss_avg,127.21880320760478,2
train loss_avg,126.91417409088152,3
train loss_avg,126.29850928469536,4
train loss_avg,126.20474454086687,5
train loss_avg,0.0,1
train loss_avg,37.29287470052449,1
train loss_avg,36.323520163917244,2
train loss_avg,35.60816337139944,3
train loss_avg,34.861530216487516,4
train loss_avg,35.2790980373275,5
train loss_avg,0.0,1
train loss_avg,6.557918864250183,1
train loss_avg,5.370885858535766,2
train loss_avg,5.065201205253601,3
train loss_avg,4.09510929775238,4
train loss_avg,3.5310060739517213,5
valid_accuracy,0.36369275302388093,1
valid_accuracy,0.8690168510286365,1
valid_accuracy,0.8690168510286365,2
valid_accuracy,0.48123643130362864,3
valid_accuracy,0.3454977773183087,4
valid_accuracy,0.6487129122299183,5
valid_accuracy,0.5374754471208518,1
valid_accuracy,0.6576036389951411,1
valid_accuracy,0.1309831489713636,2
valid_accuracy,0.9104724490850822,3
valid_accuracy,0.9185361315000516,4
valid_accuracy,0.9180192287811434,5
valid_accuracy,0.6155277576760054,1
valid_accuracy,0.9215341672697198,1
valid_accuracy,0.9191564147627417,2
valid_accuracy,0.9181226093249251,3
valid_accuracy,0.9239119197766981,4
valid_accuracy,0.923601778145353,5
valid_accuracy,0.7137392742685826,1
valid_accuracy,0.8181536234880595,1
valid_accuracy,0.9253592473896413,2
valid_accuracy,0.9252558668458596,3
valid_accuracy,0.907784554946759,4
valid_accuracy,0.9292877080533444,5
valid_accuracy,0.7855887521968365,1
valid_accuracy,0.92029360074434,1
valid_accuracy,0.9321823632792309,2
valid_accuracy,0.9181226093249251,3
valid_accuracy,0.9379716737310039,4
valid_accuracy,0.9322857438230125,5
valid_accuracy,0.8279747751473173,1
valid_accuracy,0.9318722216478859,1
valid_accuracy,0.9419001343947069,2
valid_accuracy,0.9379716737310039,3
valid_accuracy,0.9336296908921741,4
valid_accuracy,0.9397291429752921,5
valid_accuracy,0.8561976635997105,1
valid_accuracy,0.9427271787449601,1
valid_accuracy,0.9195699369378683,2
valid_accuracy,0.9442778869016851,3
valid_accuracy,0.9430373203763052,4
valid_accuracy,0.9433474620076502,5
valid_accuracy,0.8770805334436059,1
valid_accuracy,0.9437609841827768,1
valid_accuracy,0.9356973017678073,2
valid_accuracy,0.9423136565698336,3
valid_accuracy,0.9479995864778249,4
valid_accuracy,0.9475860643026982,5
valid_accuracy,0.8825597022640339,1
valid_accuracy,0.9393156208001654,1
valid_accuracy,0.9488266308280782,2
valid_accuracy,0.9367311072056239,3
valid_accuracy,0.9411764705882353,4
valid_accuracy,0.941589992763362,5
train_accuracy,0.975,1
train_accuracy,0.7203780544029507,1
train_accuracy,0.7203780544029507,2
train_accuracy,0.32342093130474875,3
train_accuracy,0.25472568003688334,4
train_accuracy,0.4283079760258183,5
train_accuracy,0.9205426356589147,1
train_accuracy,0.48985835694050994,1
train_accuracy,0.14141643059490086,2
train_accuracy,0.7549008498583569,3
train_accuracy,0.7714447592067989,4
train_accuracy,0.7494617563739376,5
train_accuracy,0.9271929824561403,1
train_accuracy,0.8238507055075103,1
train_accuracy,0.8200955848884843,2
train_accuracy,0.7979062357760582,3
train_accuracy,0.8149749658625398,4
train_accuracy,0.8124715521165226,5
train_accuracy,0.9326990838618746,1
train_accuracy,0.7821120427755499,1
train_accuracy,0.8736176935229067,2
train_accuracy,0.8777494227731194,3
train_accuracy,0.8658403208166241,4
train_accuracy,0.8919674322517924,5
train_accuracy,0.9353227113151499,1
train_accuracy,0.914174711561102,1
train_accuracy,0.9450200141276195,2
train_accuracy,0.9205321403343537,3
train_accuracy,0.955497998587238,4
train_accuracy,0.9506710619260654,5
train_accuracy,0.9365040451090954,1
train_accuracy,0.9708261828879627,1
train_accuracy,0.9711939200784506,2
train_accuracy,0.9671488109830841,3
train_accuracy,0.9719293944594263,4
train_accuracy,0.9872517773964207,5
train_accuracy,0.93454278009316,1
train_accuracy,0.9807550870311351,1
train_accuracy,0.9259622456484432,2
train_accuracy,0.975729345427801,3
train_accuracy,0.9763422407452808,4
train_accuracy,0.9845550379995097,5
train_accuracy,0.9325815150772249,1
train_accuracy,0.9748712919833292,1
train_accuracy,0.956484432458936,2
train_accuracy,0.9731551850943859,3
train_accuracy,0.9829615101740623,4
train_accuracy,0.9681294434910517,5
train_accuracy,0.9298847756803138,1
train_accuracy,0.9780583476342241,1
train_accuracy,0.9849227751899976,2
train_accuracy,0.9780583476342241,3
train_accuracy,0.9805099289041431,4
train_accuracy,0.9806325079676391,5
valid_f1_avg,0.3541272812715997,1
valid_f1_avg,0.4649593450965208,1
valid_f1_avg,0.4649593450965208,2
valid_f1_avg,0.3371234067207416,3
valid_f1_avg,0.27181781211874745,4
valid_f1_avg,0.4022693762420668,5
valid_f1_avg,0.5131842503450288,1
valid_f1_avg,0.5829294240602139,1
valid_f1_avg,0.11581352833638027,2
valid_f1_avg,0.7717503707331896,3
valid_f1_avg,0.779700905390214,4
valid_f1_avg,0.8134576626447747,5
valid_f1_avg,0.5919015515612511,1
valid_f1_avg,0.804669589073022,1
valid_f1_avg,0.7942282163274987,2
valid_f1_avg,0.8304893843783803,3
valid_f1_avg,0.8255740429677164,4
valid_f1_avg,0.83135605070331,5
valid_f1_avg,0.6537863009516482,1
valid_f1_avg,0.7287180568664742,1
valid_f1_avg,0.8348451136576038,2
valid_f1_avg,0.8512866530880131,3
valid_f1_avg,0.8292992615425717,4
valid_f1_avg,0.8426840333257247,5
valid_f1_avg,0.7153916335123767,1
valid_f1_avg,0.7780219733120364,1
valid_f1_avg,0.8593373986464798,2
valid_f1_avg,0.7642235007588165,3
valid_f1_avg,0.865739500115481,4
valid_f1_avg,0.8270075808987749,5
valid_f1_avg,0.7438260406649169,1
valid_f1_avg,0.8343459713527601,1
valid_f1_avg,0.8592175035401337,2
valid_f1_avg,0.8573986974971282,3
valid_f1_avg,0.8390536830346036,4
valid_f1_avg,0.8607918786427334,5
valid_f1_avg,0.7689975323245668,1
valid_f1_avg,0.8705443626314162,1
valid_f1_avg,0.7659104850138545,2
valid_f1_avg,0.8761599493480541,3
valid_f1_avg,0.864614952009741,4
valid_f1_avg,0.8687240026271029,5
valid_f1_avg,0.7831422795438376,1
valid_f1_avg,0.8753931119195153,1
valid_f1_avg,0.8397354046582435,2
valid_f1_avg,0.8621206841938549,3
valid_f1_avg,0.8801526788068619,4
valid_f1_avg,0.8752394014465857,5
valid_f1_avg,0.7868896231749191,1
valid_f1_avg,0.8756254730674505,1
valid_f1_avg,0.8799865492476273,2
valid_f1_avg,0.8635020428085005,3
valid_f1_avg,0.8754828854538252,4
valid_f1_avg,0.8789620838317758,5
train_f1_avg,0.9935064935064934,1
train_f1_avg,0.41873241323864396,1
train_f1_avg,0.41873241323864396,2
train_f1_avg,0.2521504819152244,3
train_f1_avg,0.20350034317089913,4
train_f1_avg,0.3120612635609445,5
train_f1_avg,0.881152202281897,1
train_f1_avg,0.46689880320000066,1
train_f1_avg,0.12389556239452001,2
train_f1_avg,0.6151475920891081,3
train_f1_avg,0.6360338243316966,4
train_f1_avg,0.635114805938153,5
train_f1_avg,0.8861091867974704,1
train_f1_avg,0.7210301316133594,1
train_f1_avg,0.7112263502369961,2
train_f1_avg,0.7142444945910005,3
train_f1_avg,0.7264585057328601,4
train_f1_avg,0.7271449392431641,5
train_f1_avg,0.8780588641767096,1
train_f1_avg,0.7055427690019695,1
train_f1_avg,0.7882023107148193,2
train_f1_avg,0.8074416723414923,3
train_f1_avg,0.7956398623332764,4
train_f1_avg,0.8224330375741399,5
train_f1_avg,0.8684500852940005,1
train_f1_avg,0.7907170037250613,1
train_f1_avg,0.9005890277283464,2
train_f1_avg,0.8054313091421463,3
train_f1_avg,0.9176170452312946,4
train_f1_avg,0.895152323957007,5
train_f1_avg,0.8604801561517779,1
train_f1_avg,0.940672912498104,1
train_f1_avg,0.9408091138768084,2
train_f1_avg,0.9344922799943096,3
train_f1_avg,0.9418153275700614,4
train_f1_avg,0.9754040038591414,5
train_f1_avg,0.8552484888116239,1
train_f1_avg,0.9630752658803361,1
train_f1_avg,0.8175972328442787,2
train_f1_avg,0.9529253979800241,3
train_f1_avg,0.9522460067030545,4
train_f1_avg,0.9695784293890624,5
train_f1_avg,0.8497032183723237,1
train_f1_avg,0.9521898393767397,1
train_f1_avg,0.9050242418416934,2
train_f1_avg,0.9447992781214474,3
train_f1_avg,0.9661755847248713,4
train_f1_avg,0.9339629396934079,5
train_f1_avg,0.8436913471072166,1
train_f1_avg,0.9587553910910152,1
train_f1_avg,0.9699037170529377,2
train_f1_avg,0.9585985949205467,3
train_f1_avg,0.9634787619411738,4
train_f1_avg,0.9636285345360801,5
active valid f1,0.46504130566189805,1
active valid f1,0.8192922677522155,6
active valid f1,0.8335946804039976,16
active valid f1,0.8496582050519841,41
active valid f1,0.8653310978597117,91
active valid f1,0.8635309052383866,191
active valid f1,0.8767247971835346,391
active valid f1,0.874938721448504,791
active valid f1,0.8723804641224168,999
active valid accuracy,0.8693032015065913,1
active valid accuracy,0.9196484620213434,6
active valid accuracy,0.9242519355513705,16
active valid accuracy,0.9248796819418288,41
active valid accuracy,0.9386901025319104,91
active valid accuracy,0.9414103368905629,191
active valid accuracy,0.9445490688428542,391
active valid accuracy,0.9464741577735928,791
active valid accuracy,0.9461812094580456,999
active valid/O/precision,1.0,1
active valid/O/precision,0.9575871365299442,6
active valid/O/precision,0.9561428846524167,16
active valid/O/precision,0.9388118621220874,41
active valid/O/precision,0.9644232620835741,91
active valid/O/precision,0.9759772771037936,191
active valid/O/precision,0.9699114192181784,391
active valid/O/precision,0.9793953398806086,791
active valid/O/precision,0.9816098594261505,999
active valid/O/recall,0.8693032015065913,1
active valid/O/recall,0.9503583373148591,6
active valid/O/recall,0.9566955684007707,16
active valid/O/recall,0.973832709113608,41
active valid/O/recall,0.9650272171106508,91
active valid/O/recall,0.9574478133560026,191
active valid/O/recall,0.9664220271501894,391
active valid/O/recall,0.9598490209955178,791
active valid/O/recall,0.957546726777496,999
active valid/O/f1,0.9300826113237961,1
active valid/O/f1,0.9539590427317636,6
active valid/O/f1,0.9564191466820765,16
active valid/O/f1,0.9560016667892247,41
active valid/O/f1,0.9647251450723555,91
active valid/O/f1,0.9666237543508319,191
active valid/O/f1,0.9681635791345299,391
active valid/O/f1,0.9695236733624039,791
active valid/O/f1,0.9694289925355393,999
active valid/ADR/precision,0.0,1
active valid/ADR/precision,0.6673070765289786,6
active valid/ADR/precision,0.7121357668908102,16
active valid/ADR/precision,0.8322126160742875,41
active valid/ADR/precision,0.7675312199807877,91
active valid/ADR/precision,0.7114953570284982,191
active valid/ADR/precision,0.7758565481908422,391
active valid/ADR/precision,0.7275056035862952,791
active valid/ADR/precision,0.7105347422350304,999
active valid/ADR/recall,0,1
active valid/ADR/recall,0.702866779089376,6
active valid/ADR/recall,0.7094098883572568,16
active valid/ADR/recall,0.6715762273901809,41
active valid/ADR/recall,0.7643494897959183,91
active valid/ADR/recall,0.816611539875046,191
active valid/ADR/recall,0.7949475065616798,391
active valid/ADR/recall,0.8414814814814815,791
active valid/ADR/recall,0.8531334102268359,999
active valid/ADR/f1,0,1
active valid/ADR/f1,0.6846254927726675,6
active valid/ADR/f1,0.7107702141259188,16
active valid/ADR/f1,0.7433147433147433,41
active valid/ADR/f1,0.7659370506470681,91
active valid/ADR/f1,0.7604380561259412,191
active valid/ADR/f1,0.7852860152325393,391
active valid/ADR/f1,0.7803537695346041,791
active valid/ADR/f1,0.7753319357092943,999
